mode,min_samples,convention,seed,swing_ari,swing_instability,swing_n,ari_vs_truth,n_eval,noise,clusters
title_artist,2,exclude,1000,0.9983252314348782,0.0016747685651218314,1589,0.6700732356481511,236,0.4527653727241498,38
title_artist,2,single_cluster,1000,0.981551226609568,0.01844877339043205,2911,0.1459338258020657,436,0.4527653727241498,38
title_artist,2,singletons,1000,0.9967008056726282,0.0032991943273718016,2911,0.44075790127473985,436,0.4527653727241498,38
title_artist,2,exclude,1001,0.9988549789324377,0.001145021067562313,1582,0.6670616370826148,234,0.45517004465819305,36
title_artist,2,single_cluster,1001,0.977422928866973,0.022577071133026982,2911,0.14066952146511985,435,0.45517004465819305,36
title_artist,2,singletons,1001,0.9971850220186145,0.0028149779813855247,2911,0.43599825803707437,435,0.45517004465819305,36
title_artist,2,exclude,1002,0.9994781491378243,0.0005218508621757101,1588,0.6634204038908891,237,0.4503607007901065,39
title_artist,2,single_cluster,1002,0.9764246300587888,0.023575369941211233,2911,0.14246007922491805,437,0.4503607007901065,39
title_artist,2,singletons,1002,0.996182487718264,0.0038175122817359908,2911,0.4310038971955079,437,0.4503607007901065,39
title_artist,2,exclude,1003,0.999414544961935,0.0005854550380649526,1577,0.6613507857558174,234,0.4544829955341807,37
title_artist,2,single_cluster,1003,0.9643685751624497,0.03563142483755033,2911,0.133299499531309,437,0.4544829955341807,37
title_artist,2,singletons,1003,0.9903104413704416,0.009689558629558448,2911,0.4239100741579986,437,0.4544829955341807,37
title_artist,2,exclude,1004,0.9986252103331397,0.001374789666860332,1587,0.666671958154651,236,0.447612504294057,40
title_artist,2,single_cluster,1004,0.9633363393814164,0.036663660618583616,2911,0.14108524276299364,437,0.447612504294057,40
title_artist,2,singletons,1004,0.9936456803592562,0.006354319640743844,2911,0.4321932961649087,437,0.447612504294057,40
title_artist,2,exclude,1005,0.9988370090111195,0.001162990988880508,1597,0.6617337586770564,239,0.4472689797320508,38
title_artist,2,single_cluster,1005,0.9817516343448361,0.018248365655163856,2911,0.14277906776499366,438,0.4472689797320508,38
title_artist,2,singletons,1005,0.9932654830597528,0.006734516940247182,2911,0.43077187850891285,438,0.4472689797320508,38
title_artist,2,exclude,1006,0.9991173606977369,0.0008826393022630663,1588,0.6571423576827194,240,0.4482995534180694,39
title_artist,2,single_cluster,1006,0.968360385773237,0.03163961422676298,2911,0.14602017024185326,438,0.4482995534180694,39
title_artist,2,singletons,1006,0.993652950783332,0.006347049216667955,2911,0.43559188270867366,438,0.4482995534180694,39
title_artist,2,exclude,1007,0.9983503139140342,0.001649686085965829,1585,0.6657469846199432,236,0.4544829955341807,37
title_artist,2,single_cluster,1007,0.9780077480458832,0.021992251954116804,2911,0.14294221735550458,437,0.4544829955341807,37
title_artist,2,singletons,1007,0.99592025803275,0.004079741967250028,2911,0.4341369148874549,437,0.4544829955341807,37
title_artist,2,exclude,1008,1.0,0.0,1600,0.6675098432356003,239,0.44452078323600136,38
title_artist,2,single_cluster,1008,0.9802846892822114,0.019715310717788648,2911,0.147784842010254,437,0.44452078323600136,38
title_artist,2,singletons,1008,0.9990878757848994,0.0009121242151005626,2911,0.439696871393179,437,0.44452078323600136,38
title_artist,2,exclude,1009,0.9994208505211128,0.0005791494788871532,1595,0.6587498186950763,241,0.44486430779800756,38
title_artist,2,single_cluster,1009,0.9702247371855376,0.02977526281446241,2911,0.15183201968460114,438,0.44486430779800756,38
title_artist,2,singletons,1009,0.9813676966919135,0.018632303308086517,2911,0.44388527535212297,438,0.44486430779800756,38
title_artist,2,exclude,1010,1.0,0.0,1592,0.6644966019911444,238,0.45173479903813124,37
title_artist,2,single_cluster,1010,0.9843794849051055,0.015620515094894483,2911,0.14526047552909868,437,0.45173479903813124,37
title_artist,2,singletons,1010,0.9983418185404588,0.0016581814595412192,2911,0.4406082445599917,437,0.45173479903813124,37
title_artist,2,exclude,1011,0.9988501328218646,0.0011498671781353664,1597,0.6624587554888203,240,0.4455513569220199,37
title_artist,2,single_cluster,1011,0.9769828917942461,0.023017108205753867,2911,0.1476311699424156,438,0.4455513569220199,37
title_artist,2,singletons,1011,0.9948054925220202,0.005194507477979782,2911,0.4393050064650562,438,0.4455513569220199,37
title_artist,2,exclude,1012,0.999622504967229,0.0003774950327709581,1598,0.6670642006625411,238,0.4455513569220199,37
title_artist,2,single_cluster,1012,0.9786779034535189,0.021322096546481095,2911,0.14614642204224168,437,0.4455513569220199,37
title_artist,2,singletons,1012,0.9949414053458733,0.005058594654126725,2911,0.4399115904119578,437,0.4455513569220199,37
title_artist,2,exclude,1013,1.0,0.0,1592,0.6625305269822306,238,0.447612504294057,38
title_artist,2,single_cluster,1013,0.9747517902242541,0.025248209775745933,2911,0.14070003285692292,438,0.447612504294057,38
title_artist,2,singletons,1013,0.9964979066515347,0.003502093348465296,2911,0.4315209910743029,438,0.447612504294057,38
title_artist,2,exclude,1014,0.9991137834038738,0.0008862165961261992,1595,0.6591251629445631,238,0.45139127447612504,38
title_artist,2,single_cluster,1014,0.9854644567337232,0.014535543266276818,2911,0.14057803972524768,438,0.45139127447612504,38
title_artist,2,singletons,1014,0.9951435171796704,0.004856482820329577,2911,0.43128622411358525,438,0.45139127447612504,38
title_artist,2,exclude,1015,1.0,0.0,1594,0.6646896646314641,240,0.4434902095499828,38
title_artist,2,single_cluster,1015,0.9655870389897153,0.03441296101028468,2911,0.14794707121352263,437,0.4434902095499828,38
title_artist,2,singletons,1015,0.9882747394306058,0.011725260569394158,2911,0.4409187376312855,437,0.4434902095499828,38
title_artist,2,exclude,1016,0.9985313946752252,0.0014686053247747743,1593,0.6485292183981348,237,0.44623840604603227,39
title_artist,2,single_cluster,1016,0.9717369968281571,0.028263003171842938,2911,0.1387632838387187,435,0.44623840604603227,39
title_artist,2,singletons,1016,0.9893651108600869,0.010634889139913062,2911,0.4226004471926804,435,0.44623840604603227,39
title_artist,2,exclude,1017,0.9994265551788674,0.0005734448211326404,1592,0.6643550585387252,239,0.45001717622810034,38
title_artist,2,single_cluster,1017,0.9792835334353667,0.02071646656463333,2911,0.1460082593157419,438,0.45001717622810034,38
title_artist,2,singletons,1017,0.9979818379150021,0.002018162084997943,2911,0.43954149317119406,438,0.45001717622810034,38
title_artist,2,exclude,1018,1.0,0.0,1599,0.6655939658119094,240,0.44280316042597045,38
title_artist,2,single_cluster,1018,0.9740578660075417,0.02594213399245826,2911,0.14807688489751428,438,0.44280316042597045,38
title_artist,2,singletons,1018,0.9974937702174667,0.0025062297825333424,2911,0.43935228963738854,438,0.44280316042597045,38
title_artist,2,exclude,1019,0.9979376435933471,0.0020623564066528655,1577,0.661325751388618,238,0.45139127447612504,40
title_artist,2,single_cluster,1019,0.9564582943850936,0.043541705614906445,2911,0.14255080663305916,436,0.45139127447612504,40
title_artist,2,singletons,1019,0.9881680771549693,0.011831922845030651,2911,0.4327210775031583,436,0.45139127447612504,40
title_artist,5,exclude,1000,1.0,0.0,1273,0.72439753475406,189,0.5582274132600481,27
title_artist,5,single_cluster,1000,0.9825609079450416,0.017439092054958416,2911,0.08137755840958587,436,0.5582274132600481,27
title_artist,5,singletons,1000,0.9966545177735597,0.003345482226440266,2911,0.42127602006869,436,0.5582274132600481,27
title_artist,5,exclude,1001,0.9995548232858902,0.0004451767141098184,1264,0.7237322340475397,183,0.563723806252147,25
title_artist,5,single_cluster,1001,0.9804297222724128,0.019570277727587237,2911,0.0737211736362914,435,0.563723806252147,25
title_artist,5,singletons,1001,0.9932183924640002,0.006781607535999767,2911,0.407491102588522,435,0.563723806252147,25
title_artist,5,exclude,1002,1.0,0.0,1268,0.7260393631396804,186,0.5613191343181038,26
title_artist,5,single_cluster,1002,0.9830582297756786,0.016941770224321417,2911,0.07796784385428024,437,0.5613191343181038,26
title_artist,5,singletons,1002,0.9939229633579726,0.006077036642027411,2911,0.41179976779641253,437,0.5613191343181038,26
title_artist,5,exclude,1003,1.0,0.0,1273,0.7242742834938871,187,0.5620061834421161,26
title_artist,5,single_cluster,1003,0.9917205342119204,0.008279465788079587,2911,0.07784601635339145,437,0.5620061834421161,26
title_artist,5,singletons,1003,0.9950930659106213,0.004906934089378701,2911,0.41241306344674816,437,0.5620061834421161,26
title_artist,5,exclude,1004,0.999775367239239,0.00022463276076101213,1276,0.7234697697055397,187,0.5585709378220542,26
title_artist,5,single_cluster,1004,0.9858283872714563,0.014171612728543725,2911,0.07829387028673654,437,0.5585709378220542,26
title_artist,5,singletons,1004,0.9956961557632593,0.004303844236740684,2911,0.411585308183749,437,0.5585709378220542,26
title_artist,5,exclude,1005,0.999760033290779,0.0002399667092209956,1271,0.7258159685557971,189,0.5620061834421161,26
title_artist,5,single_cluster,1005,0.9867630412385876,0.013236958761412398,2911,0.08159662883237949,438,0.5620061834421161,26
title_artist,5,singletons,1005,0.9891792972589135,0.010820702741086485,2911,0.41997287736448363,438,0.5620061834421161,26
title_artist,5,exclude,1006,0.9997737027445686,0.0002262972554314402,1273,0.7238637565184607,188,0.5585709378220542,26
title_artist,5,single_cluster,1006,0.9820849969501445,0.017915003049855494,2911,0.0789999091377517,438,0.5585709378220542,26
title_artist,5,singletons,1006,0.9928278441951872,0.007172155804812785,2911,0.41125037061303,438,0.5585709378220542,26
title_artist,5,exclude,1007,0.9989167998784027,0.0010832001215973497,1272,0.713577189182027,186,0.5582274132600481,27
title_artist,5,single_cluster,1007,0.9788347512402509,0.021165248759749122,2911,0.07173302650078545,437,0.5582274132600481,27
title_artist,5,singletons,1007,0.9938752956355028,0.006124704364497191,2911,0.3969347599474747,437,0.5582274132600481,27
title_artist,5,exclude,1008,1.0,0.0,1278,0.7258159685557971,189,0.5589144623840605,26
title_artist,5,single_cluster,1008,0.9928356958094294,0.0071643041905705696,2911,0.08243239473848672,437,0.5589144623840605,26
title_artist,5,singletons,1008,0.9972903537495525,0.0027096462504474506,2911,0.4200977033817649,437,0.5589144623840605,26
title_artist,5,exclude,1009,1.0,0.0,1276,0.7222656507816491,188,0.5599450360700791,26
title_artist,5,single_cluster,1009,0.991918201393548,0.008081798606451973,2911,0.07788826728760964,438,0.5599450360700791,26
title_artist,5,singletons,1009,0.9967423761817955,0.0032576238182044914,2911,0.4111055742662743,438,0.5599450360700791,26
title_artist,5,exclude,1010,1.0,0.0,1266,0.721233893736555,186,0.5626932325661285,26
title_artist,5,single_cluster,1010,0.9776415092187332,0.022358490781266838,2911,0.07504946488699803,437,0.5626932325661285,26
title_artist,5,singletons,1010,0.9840071916394453,0.015992808360554722,2911,0.40350040498775025,437,0.5626932325661285,26
title_artist,5,exclude,1011,1.0,0.0,1276,0.725034561236512,190,0.556166265888011,27
title_artist,5,single_cluster,1011,0.9814054175081072,0.01859458249189283,2911,0.08173263584994553,438,0.556166265888011,27
title_artist,5,singletons,1011,0.994162448806243,0.005837551193756951,2911,0.41997287736448363,438,0.556166265888011,27
title_artist,5,exclude,1012,1.0,0.0,1274,0.7244814725266348,188,0.557883888698042,27
title_artist,5,single_cluster,1012,0.9822665670205327,0.01773343297946728,2911,0.07832860009317354,437,0.557883888698042,27
title_artist,5,singletons,1012,0.9941695432287653,0.005830456771234727,2911,0.41096607729980916,437,0.557883888698042,27
title_artist,5,exclude,1013,1.0,0.0,1270,0.7248230743898028,187,0.5609756097560976,26
title_artist,5,single_cluster,1013,0.9830259078477678,0.016974092152232223,2911,0.07737741262978812,438,0.5609756097560976,26
title_artist,5,singletons,1013,0.9862431794205038,0.013756820579496232,2911,0.41149185241286235,438,0.5609756097560976,26
title_artist,5,exclude,1014,0.9997669267829391,0.00023307321706089734,1275,0.724013953837789,188,0.5568533150120234,27
title_artist,5,single_cluster,1014,0.9792786474118206,0.02072135258817942,2911,0.07750049562273778,438,0.5568533150120234,27
title_artist,5,singletons,1014,0.990445707821781,0.009554292178219015,2911,0.41149185241286235,438,0.5568533150120234,27
title_artist,5,exclude,1015,1.0,0.0,1271,0.724013953837789,188,0.5599450360700791,27
title_artist,5,single_cluster,1015,0.9833897442040233,0.016610255795976747,2911,0.07774489315591863,437,0.5599450360700791,27
title_artist,5,singletons,1015,0.996470253102513,0.003529746897486974,2911,0.41287005840191526,437,0.5599450360700791,27
title_artist,5,exclude,1016,0.999782826669331,0.00021717333066895161,1271,0.7246543490618857,184,0.5602885606320852,26
title_artist,5,single_cluster,1016,0.9838534723564017,0.016146527643598252,2911,0.07428820811854167,435,0.5602885606320852,26
title_artist,5,singletons,1016,0.9934156503784963,0.006584349621503671,2911,0.4074921621323759,435,0.5602885606320852,26
title_artist,5,exclude,1017,1.0,0.0,1267,0.7158706658382341,187,0.5596015115080728,27
title_artist,5,single_cluster,1017,0.9744714180008585,0.025528581999141542,2911,0.07209198172421306,438,0.5596015115080728,27
title_artist,5,singletons,1017,0.9928898407418539,0.007110159258146065,2911,0.3994358396031923,438,0.5596015115080728,27
title_artist,5,exclude,1018,0.9997790494569089,0.00022095054309112516,1272,0.7283260599837001,188,0.5602885606320852,26
title_artist,5,single_cluster,1018,0.9843224846638958,0.015677515336104175,2911,0.08106946300784497,438,0.5602885606320852,26
title_artist,5,singletons,1018,0.9902358187993877,0.009764181200612287,2911,0.4203624641623081,438,0.5602885606320852,26
title_artist,5,exclude,1019,0.9991396032642494,0.0008603967357505571,1264,0.7186617766634846,186,0.5606320851940914,27
title_artist,5,single_cluster,1019,0.9708541296150717,0.02914587038492833,2911,0.07305625615093161,436,0.5606320851940914,27
title_artist,5,singletons,1019,0.9835970116570024,0.016402988342997582,2911,0.4041337803908777,436,0.5606320851940914,27
title_artist,10,exclude,1000,0.9193343164475886,0.08066568355241144,1085,0.7366475862237867,165,0.6248711782892477,20
title_artist,10,single_cluster,1000,0.8109074850171357,0.18909251498286428,2911,0.05484840297295193,436,0.6248711782892477,20
title_artist,10,singletons,1000,0.7290666474373073,0.2709333525626927,2911,0.37860657610245146,436,0.6248711782892477,20
title_artist,10,exclude,1001,0.9198644962453807,0.08013550375461931,1087,0.732766479233194,161,0.6245276537272415,20
title_artist,10,single_cluster,1001,0.8130742547184182,0.1869257452815818,2911,0.051149154837403114,435,0.6245276537272415,20
title_artist,10,singletons,1001,0.7303360339453207,0.26966396605467935,2911,0.3729522204489841,435,0.6245276537272415,20
title_artist,10,exclude,1002,1.0,0.0,1274,0.6037012732691187,187,0.5606320851940914,16
title_artist,10,single_cluster,1002,0.9936203813576236,0.00637961864237635,2911,0.06921523284659933,437,0.5606320851940914,16
title_artist,10,singletons,1002,0.9970838052604809,0.0029161947395190957,2911,0.3529864119828333,437,0.5606320851940914,16
title_artist,10,exclude,1003,0.9238678351101466,0.07613216488985342,1078,0.7385680920134553,162,0.6279628993473033,20
title_artist,10,single_cluster,1003,0.8080816352110501,0.19191836478894986,2911,0.052288295252031984,437,0.6279628993473033,20
title_artist,10,singletons,1003,0.7276537562653336,0.2723462437346664,2911,0.37822619498486865,437,0.6279628993473033,20
title_artist,10,exclude,1004,0.9174593692968749,0.08254063070312512,1084,0.7367417502381994,163,0.6252147028512539,20
title_artist,10,single_cluster,1004,0.8077648731555735,0.19223512684442645,2911,0.05270596221620891,437,0.6252147028512539,20
title_artist,10,singletons,1004,0.7232994097202369,0.2767005902797631,2911,0.37735713552962047,437,0.6252147028512539,20
title_artist,10,exclude,1005,0.9208344552276412,0.07916554477235882,1084,0.736086055787558,162,0.6252147028512539,20
title_artist,10,single_cluster,1005,0.8093756950290256,0.19062430497097438,2911,0.05188488960404248,438,0.6252147028512539,20
title_artist,10,singletons,1005,0.7270679867606359,0.2729320132393641,2911,0.37704853342885536,438,0.6252147028512539,20
title_artist,10,exclude,1006,1.0,0.0,1278,0.5981854724402186,187,0.5596015115080728,16
title_artist,10,single_cluster,1006,0.9956848833489963,0.004315116651003703,2911,0.06822952538286839,438,0.5596015115080728,16
title_artist,10,singletons,1006,0.999342492844347,0.0006575071556530476,2911,0.35147967197676433,438,0.5596015115080728,16
title_artist,10,exclude,1007,0.9195774153565868,0.08042258464341323,1086,0.732766479233194,161,0.6248711782892477,20
title_artist,10,single_cluster,1007,0.8107015376435662,0.18929846235643377,2911,0.05037234221418671,437,0.6248711782892477,20
title_artist,10,singletons,1007,0.7283560892679422,0.27164391073205785,2911,0.37162441678739483,437,0.6248711782892477,20
title_artist,10,exclude,1008,1.0,0.0,1277,0.5981854724402186,187,0.5592579869460667,16
title_artist,10,single_cluster,1008,0.9938179513210427,0.00618204867895733,2911,0.06884356133916653,437,0.5592579869460667,16
title_artist,10,singletons,1008,0.998256105434983,0.0017438945650170012,2911,0.35152222875259076,437,0.5592579869460667,16
title_artist,10,exclude,1009,1.0,0.0,1275,0.5935434990623276,188,0.5596015115080728,16
title_artist,10,single_cluster,1009,0.9898537516054202,0.010146248394579782,2911,0.06713348187116697,438,0.5596015115080728,16
title_artist,10,singletons,1009,0.9946489549134743,0.00535104508652573,2911,0.3437824412368999,438,0.5596015115080728,16
title_artist,10,exclude,1010,0.9210960062896731,0.07890399371032686,1079,0.7350435279345765,163,0.6262452765372725,19
title_artist,10,single_cluster,1010,0.8029605238384281,0.1970394761615719,2911,0.0533608034019844,437,0.6262452765372725,19
title_artist,10,singletons,1010,0.7299658580604614,0.27003414193953856,2911,0.3779563649178915,437,0.6262452765372725,19
title_artist,10,exclude,1011,0.9182619735029337,0.0817380264970663,1088,0.736086055787558,162,0.6241841291652354,20
title_artist,10,single_cluster,1011,0.8147667961824011,0.1852332038175989,2911,0.05188488960404248,438,0.6241841291652354,20
title_artist,10,singletons,1011,0.7309338271783371,0.2690661728216629,2911,0.37704853342885536,438,0.6241841291652354,20
title_artist,10,exclude,1012,1.0,0.0,1278,0.5981854724402186,187,0.5592579869460667,16
title_artist,10,single_cluster,1012,0.9946466813084854,0.005353318691514564,2911,0.06864339443414127,437,0.5592579869460667,16
title_artist,10,singletons,1012,0.9981842629261334,0.001815737073866619,2911,0.3517416295177577,437,0.5592579869460667,16
title_artist,10,exclude,1013,1.0,0.0,1273,0.5975680248399131,188,0.5602885606320852,16
title_artist,10,single_cluster,1013,0.98931672967562,0.01068327032437999,2911,0.06877012964805616,438,0.5602885606320852,16
title_artist,10,singletons,1013,0.9964349716716047,0.0035650283283953366,2911,0.3515771759210559,438,0.5602885606320852,16
title_artist,10,exclude,1014,0.9217568365659398,0.07824316343406024,1087,0.7356882071810092,164,0.623497080041223,20
title_artist,10,single_cluster,1014,0.8090168219433085,0.19098317805669152,2911,0.052792205730703534,438,0.623497080041223,20
title_artist,10,singletons,1014,0.7306942575166313,0.2693057424833687,2911,0.3771041675350861,438,0.623497080041223,20
title_artist,10,exclude,1015,0.9185232397310051,0.08147676026899486,1081,0.7367417502381994,163,0.6276193747852972,20
title_artist,10,single_cluster,1015,0.8107843826601805,0.1892156173398195,2911,0.0524094144196143,437,0.6276193747852972,20
title_artist,10,singletons,1015,0.7236351722409754,0.2763648277590246,2911,0.3782985718952359,437,0.6276193747852972,20
title_artist,10,exclude,1016,0.9202494582673382,0.07975054173266183,1080,0.7341535566545033,161,0.627275850223291,20
title_artist,10,single_cluster,1016,0.8089142293538104,0.1910857706461896,2911,0.050449230873218974,435,0.627275850223291,20
title_artist,10,singletons,1016,0.7284281960085106,0.2715718039914894,2911,0.3731886782021282,435,0.627275850223291,20
title_artist,10,exclude,1017,0.9201858029340813,0.07981419706591875,1083,0.7350435279345765,163,0.6255582274132601,20
title_artist,10,single_cluster,1017,0.809900532202074,0.19009946779792597,2911,0.05231214509487346,438,0.6255582274132601,20
title_artist,10,singletons,1017,0.7301796816027207,0.26982031839727927,2911,0.3771509551294273,438,0.6255582274132601,20
title_artist,10,exclude,1018,0.9212443825217103,0.07875561747828974,1085,0.732766479233194,161,0.6252147028512539,20
title_artist,10,single_cluster,1018,0.8118645326732983,0.18813546732670172,2911,0.04909063230008812,438,0.6252147028512539,20
title_artist,10,singletons,1018,0.7297394147181956,0.2702605852818044,2911,0.3683627514122555,438,0.6252147028512539,20
title_artist,10,exclude,1019,0.9206223132699799,0.0793776867300201,1083,0.7341155068904052,162,0.6255582274132601,20
title_artist,10,single_cluster,1019,0.8090031471995361,0.19099685280046386,2911,0.05188627663099197,436,0.6255582274132601,20
title_artist,10,singletons,1019,0.7285484120956666,0.27145158790433344,2911,0.3791508340806526,436,0.6255582274132601,20
title_artist,15,exclude,1000,0.9996308390948073,0.0003691609051926781,1130,0.6197446302832131,171,0.6090690484369632,15
title_artist,15,single_cluster,1000,0.9871561036247123,0.012843896375287711,2911,0.04765495099819694,436,0.6090690484369632,15
title_artist,15,singletons,1000,0.9947882366812737,0.0052117633187263035,2911,0.32270185393777545,436,0.6090690484369632,15
title_artist,15,exclude,1001,1.0,0.0,1131,0.635028465862113,169,0.6035726554448643,16
title_artist,15,single_cluster,1001,0.9735159044569229,0.02648409554307707,2911,0.04866256481289794,435,0.6035726554448643,16
title_artist,15,singletons,1001,0.9829961590442738,0.017003840955726157,2911,0.3273902923678784,435,0.6035726554448643,16
title_artist,15,exclude,1002,0.9996363967226856,0.0003636032773144393,1125,0.6183251528891814,172,0.5987633115767778,15
title_artist,15,single_cluster,1002,0.9495008963583972,0.050499103641602816,2911,0.04831440334991972,437,0.5987633115767778,15
title_artist,15,singletons,1002,0.9422817117545333,0.057718288245466653,2911,0.3210744902199495,437,0.5987633115767778,15
title_artist,15,exclude,1003,0.9996315818163544,0.0003684181836456357,1131,0.634171342469493,168,0.6090690484369632,15
title_artist,15,single_cluster,1003,0.9895924214125017,0.0104075785874983,2911,0.045620670999576535,437,0.6090690484369632,15
title_artist,15,singletons,1003,0.9936141821903857,0.006385817809614336,2911,0.32367882973944406,437,0.6090690484369632,15
title_artist,15,exclude,1004,1.0,0.0,1115,0.6112188393790337,166,0.6149089659910684,15
title_artist,15,single_cluster,1004,0.9735435254003997,0.02645647459960032,2911,0.03917046187203225,437,0.6149089659910684,15
title_artist,15,singletons,1004,0.9771268714408841,0.02287312855911594,2911,0.29795089995860674,437,0.6149089659910684,15
title_artist,15,exclude,1005,0.9996312400381537,0.0003687599618462656,1132,0.6227317027653918,168,0.6083819993129509,15
title_artist,15,single_cluster,1005,0.9885328540042634,0.011467145995736616,2911,0.04334332550891119,438,0.6083819993129509,15
title_artist,15,singletons,1005,0.9921681419907902,0.007831858009209824,2911,0.31377349940015187,438,0.6083819993129509,15
title_artist,15,exclude,1006,1.0,0.0,1127,0.6341485656749756,168,0.6111301958090003,15
title_artist,15,single_cluster,1006,0.9878207508210105,0.012179249178989493,2911,0.04658623603886828,438,0.6111301958090003,15
title_artist,15,singletons,1006,0.9933643209394645,0.0066356790605355265,2911,0.3228544591136291,438,0.6111301958090003,15
title_artist,15,exclude,1007,1.0,0.0,1130,0.623918924759209,167,0.6083819993129509,15
title_artist,15,single_cluster,1007,0.9839965461639536,0.0160034538360464,2911,0.042971321354037535,437,0.6083819993129509,15
title_artist,15,singletons,1007,0.9905815197224097,0.009418480277590291,2911,0.3099403670182353,437,0.6083819993129509,15
title_artist,15,exclude,1008,0.9996259291668796,0.0003740708331203546,1126,0.635028465862113,169,0.610443146684988,15
title_artist,15,single_cluster,1008,0.9846808806001398,0.015319119399860193,2911,0.047183934378360035,437,0.610443146684988,15
title_artist,15,singletons,1008,0.9892615885762844,0.010738411423715566,2911,0.3235117121760001,437,0.610443146684988,15
title_artist,15,exclude,1009,1.0,0.0,1118,0.6116120441225334,164,0.6149089659910684,15
title_artist,15,single_cluster,1009,0.9800573560296857,0.01994264397031431,2911,0.03657503202933236,438,0.6149089659910684,15
title_artist,15,singletons,1009,0.9805536555593223,0.01944634444067772,2911,0.2913292037292349,438,0.6149089659910684,15
title_artist,15,exclude,1010,1.0,0.0,1135,0.6343420098450392,168,0.608725523874957,15
title_artist,15,single_cluster,1010,0.9933068160739857,0.006693183926014257,2911,0.04636290886384488,437,0.608725523874957,15
title_artist,15,singletons,1010,0.9954437473575735,0.004556252642426539,2911,0.32419830449964293,437,0.608725523874957,15
title_artist,15,exclude,1011,1.0,0.0,1126,0.6382907952512925,167,0.6114737203710066,15
title_artist,15,single_cluster,1011,0.9879921250603108,0.012007874939689245,2911,0.04429217819741901,438,0.6114737203710066,15
title_artist,15,singletons,1011,0.9946475964366472,0.005352403563352759,2911,0.32222729234948905,438,0.6114737203710066,15
title_artist,15,exclude,1012,1.0,0.0,1128,0.623918924759209,167,0.6114737203710066,15
title_artist,15,single_cluster,1012,0.9903447284247389,0.009655271575261137,2911,0.042329716021886045,437,0.6114737203710066,15
title_artist,15,singletons,1012,0.9927331757429457,0.007266824257054272,2911,0.30746213109559556,437,0.6114737203710066,15
title_artist,15,exclude,1013,1.0,0.0,1128,0.635028465862113,169,0.6094125729989694,15
title_artist,15,single_cluster,1013,0.9849642096255876,0.015035790374412383,2911,0.04671034234495457,438,0.6094125729989694,15
title_artist,15,singletons,1013,0.9913148686657769,0.008685131334223106,2911,0.32345517255546996,438,0.6094125729989694,15
title_artist,15,exclude,1014,0.9996332157803112,0.00036678421968883157,1135,0.635028465862113,169,0.6080384747509447,15
title_artist,15,single_cluster,1014,0.9913703592553025,0.00862964074469752,2911,0.04671034234495457,438,0.6080384747509447,15
title_artist,15,singletons,1014,0.99396179798656,0.006038202013439964,2911,0.32345517255546996,438,0.6080384747509447,15
title_artist,15,exclude,1015,1.0,0.0,1123,0.6052038905540297,167,0.6090690484369632,15
title_artist,15,single_cluster,1015,0.9733976365906256,0.026602363409374385,2911,0.039292094095525545,437,0.6090690484369632,15
title_artist,15,singletons,1015,0.9756281030579506,0.024371896942049442,2911,0.2973125953086361,437,0.6090690484369632,15
title_artist,15,exclude,1016,1.0,0.0,1120,0.624276388563636,165,0.6138783923050498,15
title_artist,15,single_cluster,1016,0.9820369894031089,0.017963010596891094,2911,0.040547389116751806,435,0.6138783923050498,15
title_artist,15,singletons,1016,0.9890821568096625,0.010917843190337506,2911,0.3034677633474973,435,0.6138783923050498,15
title_artist,15,exclude,1017,0.9996272435566859,0.00037275644331413726,1126,0.6463105215222269,169,0.608725523874957,15
title_artist,15,single_cluster,1017,0.9782917444941306,0.02170825550586941,2911,0.04872013040425417,438,0.608725523874957,15
title_artist,15,singletons,1017,0.9802301856414867,0.019769814358513327,2911,0.33329545493360907,438,0.608725523874957,15
title_artist,15,exclude,1018,0.9996340594120627,0.0003659405879372635,1128,0.6081961652063944,166,0.6100996221229817,15
title_artist,15,single_cluster,1018,0.9855784061185491,0.014421593881450923,2911,0.03843487394825326,438,0.6100996221229817,15
title_artist,15,singletons,1018,0.9895495309117984,0.010450469088201575,2911,0.29919085990116184,438,0.6100996221229817,15
title_artist,15,exclude,1019,1.0,0.0,1108,0.6333846504609982,166,0.618000687049124,14
title_artist,15,single_cluster,1019,0.9702182780787988,0.02978172192120121,2911,0.04417993688049199,436,0.618000687049124,14
title_artist,15,singletons,1019,0.9783369404156762,0.021663059584323796,2911,0.3252173509609849,436,0.618000687049124,14
title,2,exclude,1000,0.8901369839164291,0.10986301608357085,1071,0.6057309914609829,155,0.6255582274132601,32
title,2,single_cluster,1000,0.7562809566429339,0.24371904335706607,2911,0.022671417195131244,436,0.6255582274132601,32
title,2,singletons,1000,0.7126299670391459,0.28737003296085406,2911,0.23716843365013798,436,0.6255582274132601,32
title,2,exclude,1001,0.9080483331607351,0.09195166683926492,1090,0.588157999144558,150,0.6231535554792168,34
title,2,single_cluster,1001,0.7838225848737876,0.21617741512621236,2911,0.017674343620531812,435,0.6231535554792168,34
title,2,singletons,1001,0.6993666625599888,0.3006333374400112,2911,0.21487601506332069,435,0.6231535554792168,34
title,2,exclude,1002,0.9368571574232147,0.06314284257678526,1209,0.4989974728491367,170,0.5809000343524562,27
title,2,single_cluster,1002,0.8826716384499131,0.11732836155008686,2911,0.028882300629100507,437,0.5809000343524562,27
title,2,singletons,1002,0.8408117253393228,0.1591882746606772,2911,0.22259214542308858,437,0.5809000343524562,27
title,2,exclude,1003,1.0,0.0,1284,0.3646174378078404,190,0.5551356922019924,24
title,2,single_cluster,1003,0.9619470751001755,0.03805292489982448,2911,0.03559407936737379,437,0.5551356922019924,24
title,2,singletons,1003,0.9867631457903586,0.01323685420964138,2911,0.1925650673239457,437,0.5551356922019924,24
title,2,exclude,1004,0.9415841123634024,0.05841588763659755,1211,0.4550033707542727,177,0.576777739608382,26
title,2,single_cluster,1004,0.8749918379999345,0.12500816200006548,2911,0.031053020691053878,437,0.576777739608382,26
title,2,singletons,1004,0.8550050867525408,0.14499491324745917,2911,0.2164113718660212,437,0.576777739608382,26
title,2,exclude,1005,0.9990677893360427,0.0009322106639573224,1285,0.3668888288735279,188,0.5534180693919615,25
title,2,single_cluster,1005,0.9584484297099773,0.041551570290022655,2911,0.03472308213534208,438,0.5534180693919615,25
title,2,singletons,1005,0.980736042711554,0.019263957288445988,2911,0.19189974875047558,438,0.5534180693919615,25
title,2,exclude,1006,0.9400442503360474,0.05995574966395256,1210,0.42647830667197384,178,0.576777739608382,26
title,2,single_cluster,1006,0.8726579327239575,0.12734206727604247,2911,0.02629725610609551,438,0.576777739608382,26
title,2,singletons,1006,0.8497177633729627,0.15028223662703732,2911,0.19932102469572155,438,0.576777739608382,26
title,2,exclude,1007,1.0,0.0,1274,0.3454194599511474,184,0.5541051185159739,22
title,2,single_cluster,1007,0.9410484676673219,0.058951532332678136,2911,0.0291946987084748,437,0.5541051185159739,22
title,2,singletons,1007,0.974824108193395,0.025175891806604955,2911,0.18467299630020786,437,0.5541051185159739,22
title,2,exclude,1008,0.9444009722970211,0.055599027702978865,1185,0.4761452036171609,167,0.5908622466506355,25
title,2,single_cluster,1008,0.8664926814513556,0.1335073185486444,2911,0.02395378505091764,437,0.5908622466506355,25
title,2,singletons,1008,0.8261943047959248,0.17380569520407518,2911,0.20561977569108716,437,0.5908622466506355,25
title,2,exclude,1009,1.0,0.0,1300,0.3521742699422247,189,0.5482652009618688,24
title,2,single_cluster,1009,0.9699756738833503,0.030024326116649735,2911,0.03411484731029991,438,0.5482652009618688,24
title,2,singletons,1009,0.976049916966667,0.023950083033333014,2911,0.18887649481780414,438,0.5482652009618688,24
title,2,exclude,1010,1.0,0.0,1302,0.3586243892443693,191,0.5424252834077636,24
title,2,single_cluster,1010,0.9601091447868623,0.03989085521313773,2911,0.036233933123292345,437,0.5424252834077636,24
title,2,singletons,1010,0.9759483918898444,0.02405160811015561,2911,0.1976661496607615,437,0.5424252834077636,24
title,2,exclude,1011,0.9047332379249893,0.09526676207501072,1103,0.6177668692922212,156,0.6190312607351426,35
title,2,single_cluster,1011,0.7956182633154864,0.20438173668451365,2911,0.02583065444542459,438,0.6190312607351426,35
title,2,singletons,1011,0.7165434744786603,0.2834565255213397,2911,0.2529251369448831,438,0.6190312607351426,35
title,2,exclude,1012,1.0,0.0,1283,0.35598531300039604,186,0.5530745448299553,23
title,2,single_cluster,1012,0.955790222468754,0.044209777531246,2911,0.03205914109550206,437,0.5530745448299553,23
title,2,singletons,1012,0.979235011474337,0.020764988525662997,2911,0.19614149978939283,437,0.5530745448299553,23
title,2,exclude,1013,0.8957989981477816,0.10420100185221837,1115,0.595476973211143,155,0.6149089659910684,36
title,2,single_cluster,1013,0.8035927339520336,0.19640726604796643,2911,0.021917094089299535,438,0.6149089659910684,36
title,2,singletons,1013,0.7090905207081266,0.2909094792918734,2911,0.2201373627161523,438,0.6149089659910684,36
title,2,exclude,1014,0.8914981936432833,0.10850180635671669,1097,0.6149858087510033,157,0.6169701133631055,35
title,2,single_cluster,1014,0.7774180487016197,0.22258195129838032,2911,0.025764640321601452,438,0.6169701133631055,35
title,2,singletons,1014,0.7091423739488717,0.2908576260511283,2911,0.253105340956772,438,0.6169701133631055,35
title,2,exclude,1015,0.9411029377490789,0.05889706225092106,1189,0.48677750395315683,168,0.5877705255925799,25
title,2,single_cluster,1015,0.8662656027357454,0.13373439726425462,2911,0.025696729232700714,437,0.5877705255925799,25
title,2,singletons,1015,0.8331440807273474,0.16685591927265264,2911,0.2214854141973033,437,0.5877705255925799,25
title,2,exclude,1016,0.9321553963868525,0.06784460361314748,1190,0.49373872993486445,163,0.5874270010305737,24
title,2,single_cluster,1016,0.86406852629158,0.13593147370841996,2911,0.025865697746419083,435,0.5874270010305737,24
title,2,singletons,1016,0.8287885533139294,0.17121144668607058,2911,0.20935525699048071,435,0.5874270010305737,24
title,2,exclude,1017,0.8884307372237343,0.11156926277626567,1095,0.6057214963922998,162,0.6083819993129509,35
title,2,single_cluster,1017,0.7544082061532219,0.2455917938467781,2911,0.02680197571382981,438,0.6083819993129509,35
title,2,singletons,1017,0.7125475401441368,0.2874524598558632,2911,0.25246369361987864,438,0.6083819993129509,35
title,2,exclude,1018,0.8878081354773281,0.11219186452267194,1096,0.6027730996823296,158,0.6186877361731363,35
title,2,single_cluster,1018,0.781522715951509,0.21847728404849098,2911,0.024861497341219226,438,0.6186877361731363,35
title,2,singletons,1018,0.717785545025375,0.28221445497462505,2911,0.23611113118559188,438,0.6186877361731363,35
title,2,exclude,1019,0.9132426856925986,0.08675731430740141,1220,0.4838274681776627,178,0.5781518378564068,27
title,2,single_cluster,1019,0.8912262752108495,0.10877372478915048,2911,0.02987118930504959,436,0.5781518378564068,27
title,2,singletons,1019,0.8327770204754464,0.16722297952455356,2911,0.22219580623844626,436,0.5781518378564068,27
title,5,exclude,1000,0.9974459498358264,0.002554050164173649,929,0.3125463715439667,126,0.6753692889041566,11
title,5,single_cluster,1000,0.9622564153879674,0.037743584612032643,2911,0.003351238146101578,436,0.6753692889041566,11
title,5,singletons,1000,0.9743372278943577,0.025662772105642273,2911,0.10610624425145213,436,0.6753692889041566,11
title,5,exclude,1001,0.9899456273093569,0.010054372690643132,869,0.28035672992133737,117,0.6997595328065956,10
title,5,single_cluster,1001,0.9144068211385713,0.0855931788614287,2911,-0.0013707793956140568,435,0.6997595328065956,10
title,5,singletons,1001,0.9400174180484153,0.05998258195158468,2911,0.09583788556159537,435,0.6997595328065956,10
title,5,exclude,1002,1.0,0.0,925,0.32807213695566945,125,0.6798351082102371,10
title,5,single_cluster,1002,0.969170205521884,0.030829794478115957,2911,0.002184409576876705,437,0.6798351082102371,10
title,5,singletons,1002,0.9713479181250683,0.028652081874931734,2911,0.11239877141152824,437,0.6798351082102371,10
title,5,exclude,1003,0.9888094534610217,0.01119054653897833,882,0.29183030890966116,122,0.6887667468223978,12
title,5,single_cluster,1003,0.9076812049218691,0.0923187950781309,2911,0.00013623331361736706,437,0.6887667468223978,12
title,5,singletons,1003,0.9350736500853813,0.06492634991461865,2911,0.10574139826762192,437,0.6887667468223978,12
title,5,exclude,1004,0.9747295783049892,0.025270421695010814,861,0.33107380706841016,117,0.702164204740639,12
title,5,single_cluster,1004,0.9030799600187307,0.0969200399812693,2911,-0.0027121025664560818,437,0.702164204740639,12
title,5,singletons,1004,0.907880371757655,0.09211962824234499,2911,0.10885014767103186,437,0.702164204740639,12
title,5,exclude,1005,0.9996659215605128,0.0003340784394871843,933,0.3106560724757974,125,0.6746822397801443,11
title,5,single_cluster,1005,0.9681214859187526,0.03187851408124742,2911,0.00196228792294319,438,0.6746822397801443,11
title,5,singletons,1005,0.977522869597859,0.022477130402141055,2911,0.1059264684981844,438,0.6746822397801443,11
title,5,exclude,1006,0.9904832772482696,0.009516722751730433,877,0.3257593217535829,120,0.6942631398144967,11
title,5,single_cluster,1006,0.9135449743723948,0.08645502562760521,2911,-0.00029595486752860713,438,0.6942631398144967,11
title,5,singletons,1006,0.9339970261333702,0.06600297386662979,2911,0.11250204247313302,438,0.6942631398144967,11
title,5,exclude,1007,1.0,0.0,937,0.29995885379280934,124,0.6763998625901751,10
title,5,single_cluster,1007,0.9806705701157296,0.019329429884270444,2911,0.0017884454120019322,437,0.6763998625901751,10
title,5,singletons,1007,0.9838322507680083,0.016167749231991713,2911,0.10107727822490895,437,0.6763998625901751,10
title,5,exclude,1008,0.9990163779367193,0.0009836220632807313,943,0.31882218651915767,126,0.6715905187220886,10
title,5,single_cluster,1008,0.9798652596412278,0.020134740358772163,2911,0.0025116845424831757,437,0.6715905187220886,10
title,5,singletons,1008,0.984597097949322,0.015402902050677958,2911,0.11071598468614915,437,0.6715905187220886,10
title,5,exclude,1009,0.9978420919887833,0.002157908011216736,944,0.31882218651915767,126,0.6709034695980762,10
title,5,single_cluster,1009,0.9778070908455284,0.022192909154471585,2911,0.0023177471922819085,438,0.6709034695980762,10
title,5,singletons,1009,0.9824061944931116,0.017593805506888383,2911,0.11078543955522663,438,0.6709034695980762,10
title,5,exclude,1010,0.9996602770564351,0.00033972294356487964,932,0.31182057171495403,124,0.6788045345242185,10
title,5,single_cluster,1010,0.9775442676709968,0.02245573232900322,2911,0.002035623077248408,437,0.6788045345242185,10
title,5,singletons,1010,0.9806459452860693,0.019354054713930702,2911,0.10594037398516788,437,0.6788045345242185,10
title,5,exclude,1011,0.8949889387132409,0.10501106128675908,730,0.6371718258866378,95,0.7475094469254552,16
title,5,single_cluster,1011,0.7682935769113317,0.2317064230886683,2911,-0.009122942384791284,438,0.7475094469254552,16
title,5,singletons,1011,0.6932850185122672,0.3067149814877328,2911,0.13217396448760005,438,0.7475094469254552,16
title,5,exclude,1012,0.9978448884709933,0.0021551115290067147,938,0.3065494447117538,126,0.6729646169701133,11
title,5,single_cluster,1012,0.9740808755375792,0.02591912446242084,2911,0.0028753759557132367,437,0.6729646169701133,11
title,5,singletons,1012,0.9818036902829361,0.018196309717063874,2911,0.10597193800238368,437,0.6729646169701133,11
title,5,exclude,1013,0.9905159996545989,0.009484000345401089,877,0.2980432284513434,121,0.69666781174854,11
title,5,single_cluster,1013,0.9215108327556008,0.07848916724439925,2911,-3.487381100509959e-05,438,0.69666781174854,11
title,5,singletons,1013,0.9416042989818658,0.05839570101813418,2911,0.10628399315431779,438,0.69666781174854,11
title,5,exclude,1014,0.9904017828169451,0.009598217183054869,877,0.3095035523684298,120,0.6952937135005153,11
title,5,single_cluster,1014,0.9168606115720179,0.08313938842798207,2911,-0.00010356436210142874,438,0.6952937135005153,11
title,5,singletons,1014,0.9406516313578903,0.05934836864210968,2911,0.10548787916399459,438,0.6952937135005153,11
title,5,exclude,1015,0.9965292921271369,0.003470707872863077,928,0.30639998742454044,122,0.6781174854002061,10
title,5,single_cluster,1015,0.9703233387221456,0.0296766612778544,2911,0.0014304860370765995,437,0.6781174854002061,10
title,5,singletons,1015,0.9734765624181322,0.026523437581867815,2911,0.10633228131089642,437,0.6781174854002061,10
title,5,exclude,1016,0.9964679791140658,0.003532020885934184,930,0.3231143180444128,127,0.6791480590862247,10
title,5,single_cluster,1016,0.9730657261436474,0.02693427385635261,2911,0.0038249743638720957,435,0.6791480590862247,10
title,5,singletons,1016,0.9732279064721343,0.026772093527865692,2911,0.1134717480974824,435,0.6791480590862247,10
title,5,exclude,1017,0.9990202296590496,0.0009797703409504255,928,0.30690348337321005,126,0.6763998625901751,10
title,5,single_cluster,1017,0.9618605935820079,0.03813940641799207,2911,0.002578934137842587,438,0.6763998625901751,10
title,5,singletons,1017,0.9712552291367127,0.028744770863287306,2911,0.10595220315897823,438,0.6763998625901751,10
title,5,exclude,1018,0.9903387925348506,0.009661207465149424,878,0.3255566126851111,123,0.6935760906904843,11
title,5,single_cluster,1018,0.9134286674433679,0.08657133255663207,2911,0.0012987512186783843,438,0.6935760906904843,11
title,5,singletons,1018,0.9320441672178275,0.06795583278217254,2911,0.11759503290583954,438,0.6935760906904843,11
title,5,exclude,1019,0.9990204757795357,0.0009795242204643229,933,0.32352761346379594,125,0.676056338028169,10
title,5,single_cluster,1019,0.9723025800866765,0.02769741991332353,2911,0.0018870553416280484,436,0.676056338028169,10
title,5,singletons,1019,0.9744409996697359,0.025559000330264148,2911,0.11372688108046598,436,0.676056338028169,10
title,10,exclude,1000,0.989513022526323,0.010486977473676995,759,0.23523817343205752,101,0.7179663345929234,8
title,10,single_cluster,1000,0.9183969287769123,0.08160307122308774,2911,-0.00196333128494011,436,0.7179663345929234,8
title,10,singletons,1000,0.9342950657283425,0.06570493427165747,2911,0.05660777674517011,436,0.7179663345929234,8
title,10,exclude,1001,0.999664159982243,0.00033584001775699424,756,0.23524994047904663,98,0.7323943661971831,9
title,10,single_cluster,1001,0.9537452134013688,0.04625478659863125,2911,-0.0032402454746015322,435,0.7323943661971831,9
title,10,singletons,1001,0.9576892591824815,0.04231074081751851,2911,0.0585035933973174,435,0.7323943661971831,9
title,10,exclude,1002,1.0,0.0,761,0.2219093451870827,96,0.7327378907591893,9
title,10,single_cluster,1002,0.970260836860237,0.029739163139762992,2911,-0.003128132201610168,437,0.7327378907591893,9
title,10,singletons,1002,0.9740294411343996,0.0259705588656004,2911,0.05201569583227923,437,0.7327378907591893,9
title,10,exclude,1003,0.9902521429295548,0.009747857070445232,766,0.23148165110164223,102,0.7148746135348677,8
title,10,single_cluster,1003,0.9240163754993252,0.07598362450067475,2911,-0.0016648832528028835,437,0.7148746135348677,8
title,10,singletons,1003,0.9428413384870623,0.05715866151293769,2911,0.05599389200526085,437,0.7148746135348677,8
title,10,exclude,1004,1.0,0.0,758,0.2289421557910068,93,0.7365166609412573,8
title,10,single_cluster,1004,0.9727695551018449,0.02723044489815507,2911,-0.004490337962469683,437,0.7365166609412573,8
title,10,singletons,1004,0.9683927125602649,0.031607287439735066,2911,0.05190573235927951,437,0.7365166609412573,8
title,10,exclude,1005,1.0,0.0,761,0.22109741070392772,98,0.7351425626932325,8
title,10,single_cluster,1005,0.9752819017135379,0.024718098286462098,2911,-0.004084499568627959,438,0.7351425626932325,8
title,10,singletons,1005,0.9739914746361225,0.026008525363877544,2911,0.056284742998524,438,0.7351425626932325,8
title,10,exclude,1006,1.0,0.0,763,0.22058973237649387,97,0.7337684644452078,9
title,10,single_cluster,1006,0.9761181173854723,0.023881882614527727,2911,-0.0029859828356941787,438,0.7337684644452078,9
title,10,singletons,1006,0.982882283025824,0.017117716974175967,2911,0.051944270482677926,438,0.7337684644452078,9
title,10,exclude,1007,0.9992818485031758,0.0007181514968241931,759,0.21847077691092595,95,0.7372037100652696,8
title,10,single_cluster,1007,0.9773749876913993,0.0226250123086007,2911,-0.0035621046425017926,437,0.7372037100652696,8
title,10,singletons,1007,0.9746103866025391,0.02538961339746093,2911,0.05241672876003474,437,0.7372037100652696,8
title,10,exclude,1008,0.9896417837893491,0.010358216210650917,763,0.23523817343205752,101,0.7162487117828925,8
title,10,single_cluster,1008,0.9229021188651575,0.0770978811348425,2911,-0.0021260495161892884,437,0.7162487117828925,8
title,10,singletons,1008,0.9413212058549396,0.05867879414506039,2911,0.05644144107324079,437,0.7162487117828925,8
title,10,exclude,1009,0.9899154095305895,0.01008459046941046,772,0.2437327461211301,103,0.7093782205427688,8
title,10,single_cluster,1009,0.9196742994998289,0.08032570050017107,2911,-0.0019605057363715054,438,0.7093782205427688,8
title,10,singletons,1009,0.9371106077857082,0.0628893922142918,2911,0.06056750240635678,438,0.7093782205427688,8
title,10,exclude,1010,0.9901763512622119,0.009823648737788071,763,0.2463014306939293,101,0.715218138096874,8
title,10,single_cluster,1010,0.9193817066572813,0.08061829334271875,2911,-0.0027995854612975755,437,0.715218138096874,8
title,10,singletons,1010,0.9362207566531943,0.06377924334680574,2911,0.06046444679258655,437,0.715218138096874,8
title,10,exclude,1011,0.9996472341520343,0.0003527658479657303,758,0.22058973237649387,97,0.7344555135692202,9
title,10,single_cluster,1011,0.9668776762833214,0.03312232371667856,2911,-0.0029859828356941787,438,0.7344555135692202,9
title,10,singletons,1011,0.9693567833880773,0.030643216611922708,2911,0.051944270482677926,438,0.7344555135692202,9
title,10,exclude,1012,0.9898779777277148,0.010122022272285203,758,0.23148165110164223,102,0.7183098591549296,8
title,10,single_cluster,1012,0.9195512944257852,0.0804487055742148,2911,-0.0015186911108292659,437,0.7183098591549296,8
title,10,singletons,1012,0.9371817363648336,0.0628182636351664,2911,0.055816039035323124,437,0.7183098591549296,8
title,10,exclude,1013,1.0,0.0,764,0.2374679122706657,98,0.7334249398832017,8
title,10,single_cluster,1013,0.9761638817105464,0.023836118289453645,2911,-0.00422354055728248,438,0.7334249398832017,8
title,10,singletons,1013,0.9719560489887735,0.028043951011226476,2911,0.061942247421405805,438,0.7334249398832017,8
title,10,exclude,1014,1.0,0.0,763,0.22553396914723609,97,0.7347990381312264,8
title,10,single_cluster,1014,0.9762792992837127,0.02372070071628729,2911,-0.003595164189645915,438,0.7347990381312264,8
title,10,singletons,1014,0.9734098443678888,0.0265901556321112,2911,0.05589302114104778,438,0.7347990381312264,8
title,10,exclude,1015,0.9900033207318145,0.009996679268185482,756,0.21609521590885025,97,0.7214015802129853,7
title,10,single_cluster,1015,0.9261826667345614,0.0738173332654386,2911,-0.002471716774479835,437,0.7214015802129853,7
title,10,singletons,1015,0.9380291890565459,0.061970810943454135,2911,0.05128843618321537,437,0.7214015802129853,7
title,10,exclude,1016,0.9537349071037743,0.04626509289622571,669,0.3661624059655303,85,0.7533493644795602,8
title,10,single_cluster,1016,0.8297744317324757,0.17022556826752433,2911,-0.007563044748515688,435,0.7533493644795602,8
title,10,singletons,1016,0.7696305861384471,0.23036941386155285,2911,0.06288619411591066,435,0.7533493644795602,8
title,10,exclude,1017,0.9900277462383403,0.009972253761659666,759,0.23351348395149019,100,0.7189969082789419,8
title,10,single_cluster,1017,0.9214245442714774,0.07857545572852265,2911,-0.0025883157087076775,438,0.7189969082789419,8
title,10,singletons,1017,0.9374871590682813,0.06251284093171872,2911,0.05625728015501608,438,0.7189969082789419,8
title,10,exclude,1018,1.0,0.0,750,0.24142162800884093,96,0.739608381999313,8
title,10,single_cluster,1018,0.9624834081936043,0.03751659180639566,2911,-0.004426757672374899,438,0.739608381999313,8
title,10,singletons,1018,0.9552564439212746,0.04474355607872538,2911,0.06101715284251912,438,0.739608381999313,8
title,10,exclude,1019,0.9996715321488886,0.00032846785111140253,763,0.24470306368638778,97,0.734111989007214,8
title,10,single_cluster,1019,0.9775262132537593,0.022473786746240676,2911,-0.004648364841435292,436,0.734111989007214,8
title,10,singletons,1019,0.9763267026493758,0.02367329735062418,2911,0.06191607880986271,436,0.734111989007214,8
title,15,exclude,1000,1.0,0.0,641,0.1775857496883198,83,0.775334936447956,8
title,15,single_cluster,1000,0.9552582267554258,0.04474177324457418,2911,-0.00455086046799963,436,0.775334936447956,8
title,15,singletons,1000,0.9479902838665307,0.052009716133469275,2911,0.035296435820490406,436,0.775334936447956,8
title,15,exclude,1001,1.0,0.0,634,0.1950618159189284,79,0.7804878048780488,8
title,15,single_cluster,1001,0.9563400445004415,0.04365995549955848,2911,-0.004907614726988003,435,0.7804878048780488,8
title,15,singletons,1001,0.9521918099534783,0.047808190046521704,2911,0.0346178835559752,435,0.7804878048780488,8
title,15,exclude,1002,0.9973688469542141,0.0026311530457858723,654,0.2012539317963829,82,0.7718996908278942,8
title,15,single_cluster,1002,0.9773758578101523,0.02262414218984765,2911,-0.004806162361189217,437,0.7718996908278942,8
title,15,singletons,1002,0.9788987893165135,0.02110121068348647,2911,0.03806237641589039,437,0.7718996908278942,8
title,15,exclude,1003,0.9991256709432627,0.0008743290567373441,647,0.17476053976545433,82,0.7763655101339746,8
title,15,single_cluster,1003,0.9734125093711954,0.02658749062880461,2911,-0.003666857639752045,437,0.7763655101339746,8
title,15,singletons,1003,0.9715895046534043,0.028410495346595677,2911,0.032691802981737184,437,0.7763655101339746,8
title,15,exclude,1004,1.0,0.0,646,0.18930010316609244,80,0.7760219855719684,8
title,15,single_cluster,1004,0.9699261340195169,0.030073865980483117,2911,-0.004229149400655547,437,0.7760219855719684,8
title,15,singletons,1004,0.9689879369574457,0.031012063042554328,2911,0.03312406238947536,437,0.7760219855719684,8
title,15,exclude,1005,0.9963932599761938,0.003606740023806232,642,0.17541406754140676,82,0.7784266575060117,8
title,15,single_cluster,1005,0.9681062315006361,0.03189376849936387,2911,-0.0033588014644396866,438,0.7784266575060117,8
title,15,singletons,1005,0.9596530750182221,0.04034692498177794,2911,0.03214060910162163,438,0.7784266575060117,8
title,15,exclude,1006,0.9963387541227416,0.0036612458772583567,637,0.18958859467238626,80,0.7787701820680178,8
title,15,single_cluster,1006,0.9588875044388253,0.04111249556117469,2911,-0.004558517300129852,438,0.7787701820680178,8
title,15,singletons,1006,0.9554194848191164,0.04458051518088357,2911,0.03383172572394351,438,0.7787701820680178,8
title,15,exclude,1007,0.9990535875348208,0.000946412465179236,641,0.18958859467238626,80,0.7780831329440056,8
title,15,single_cluster,1007,0.9646185176541645,0.03538148234583549,2911,-0.004648866074812231,437,0.7780831329440056,8
title,15,singletons,1007,0.9556307778299786,0.04436922217002137,2911,0.0342984343673064,437,0.7780831329440056,8
title,15,exclude,1008,0.9973634271806727,0.0026365728193272764,653,0.16826239047671418,83,0.7725867399519065,8
title,15,single_cluster,1008,0.9747197432265925,0.025280256773407506,2911,-0.0033968711251060623,437,0.7725867399519065,8
title,15,singletons,1008,0.9726530589371358,0.027346941062864172,2911,0.03177221908786501,437,0.7725867399519065,8
title,15,exclude,1009,0.9974016733192885,0.0025983266807114713,660,0.17780728153592945,85,0.7650291995877705,8
title,15,single_cluster,1009,0.9650701217936117,0.034929878206388265,2911,-0.0036555675248627264,438,0.7650291995877705,8
title,15,singletons,1009,0.9580864795773671,0.041913520422632855,2911,0.03555863611425096,438,0.7650291995877705,8
title,15,exclude,1010,0.9683655418556191,0.03163445814438093,562,0.4297334501313978,63,0.8031604259704569,9
title,15,single_cluster,1010,0.8605045493816921,0.13949545061830793,2911,-0.009194622904130973,437,0.8031604259704569,9
title,15,singletons,1010,0.7745772133299824,0.22542278667001758,2911,0.04382050928834273,437,0.8031604259704569,9
title,15,exclude,1011,0.996404677147241,0.0035953228527589864,650,0.1837151375998569,81,0.7739608381999313,8
title,15,single_cluster,1011,0.9729501059920027,0.02704989400799729,2911,-0.0031529791479737272,438,0.7739608381999313,8
title,15,singletons,1011,0.9630774379306603,0.03692256206933975,2911,0.03310760848147376,438,0.7739608381999313,8
title,15,exclude,1012,0.9887769188605039,0.011223081139496105,659,0.18181637711374596,84,0.7567846100996222,7
title,15,single_cluster,1012,0.9387459151716141,0.0612540848283859,2911,-0.0031452216280785654,437,0.7567846100996222,7
title,15,singletons,1012,0.9412242636059123,0.05877573639408773,2911,0.03365720737432527,437,0.7567846100996222,7
title,15,exclude,1013,0.9960524345748762,0.003947565425123756,651,0.18444106912760858,84,0.7732737890759189,8
title,15,single_cluster,1013,0.9722301344446437,0.02776986555535632,2911,-0.003792014861205257,438,0.7732737890759189,8
title,15,singletons,1013,0.9693804631793955,0.030619536820604476,2911,0.03634694765219861,438,0.7732737890759189,8
title,15,exclude,1014,0.9963353668293182,0.0036646331706817747,639,0.17504855808648287,79,0.7784266575060117,8
title,15,single_cluster,1014,0.9596507608612169,0.04034923913878308,2911,-0.004350913494385569,438,0.7784266575060117,8
title,15,singletons,1014,0.9486859014337986,0.051314098566201394,2911,0.030149993712321726,438,0.7784266575060117,8
title,15,exclude,1015,0.9964513785819681,0.0035486214180319164,644,0.16654761250618166,80,0.7767090346959807,8
title,15,single_cluster,1015,0.9711886253770925,0.028811374622907504,2911,-0.0033443070060061087,437,0.7767090346959807,8
title,15,singletons,1015,0.9723928178966386,0.02760718210336144,2911,0.029329598207334096,437,0.7767090346959807,8
title,15,exclude,1016,0.9830409155093393,0.016959084490660747,655,0.1797644404928669,87,0.7578151837856407,7
title,15,single_cluster,1016,0.9292797336028165,0.07072026639718354,2911,-0.003197398435840426,435,0.7578151837856407,7
title,15,singletons,1016,0.9301688175823893,0.06983118241761066,2911,0.03628825412720102,435,0.7578151837856407,7
title,15,exclude,1017,1.0,0.0,641,0.20695762986947933,80,0.7767090346959807,8
title,15,single_cluster,1017,0.9609102064111801,0.03908979358881992,2911,-0.00543640677932283,438,0.7767090346959807,8
title,15,singletons,1017,0.9502895522253537,0.04971044777464628,2911,0.03704874894376935,438,0.7767090346959807,8
title,15,exclude,1018,0.9973165417529922,0.002683458247007775,655,0.23784784788356483,89,0.7533493644795602,8
title,15,single_cluster,1018,0.9135037654882086,0.08649623451179145,2911,-0.005123786737111821,438,0.7533493644795602,8
title,15,singletons,1018,0.8840127223076644,0.11598727769233563,2911,0.05240497360514303,438,0.7533493644795602,8
title,15,exclude,1019,0.9912187172583325,0.008781282741667451,653,0.20048163756773027,83,0.758502232909653,7
title,15,single_cluster,1019,0.9305831810318138,0.06941681896818619,2911,-0.004979932656132941,436,0.758502232909653,7
title,15,singletons,1019,0.935274719366722,0.06472528063327798,2911,0.0381984424489342,436,0.758502232909653,7
title_genre,2,exclude,1000,0.9998880993317825,0.00011190066821753497,1856,0.36818387318810214,313,0.36173136379251114,25
title_genre,2,single_cluster,1000,0.9915362990593765,0.008463700940623542,2911,0.18626123484602916,436,0.36173136379251114,25
title_genre,2,singletons,1000,0.9944129733933579,0.00558702660664212,2911,0.28350954815008583,436,0.36173136379251114,25
title_genre,2,exclude,1001,1.0,0.0,1855,0.36928820575248383,311,0.3596702164204741,25
title_genre,2,single_cluster,1001,0.9827147074408858,0.01728529255911415,2911,0.18628861598181373,435,0.3596702164204741,25
title_genre,2,singletons,1001,0.9898288361149298,0.010171163885070222,2911,0.2864733335031236,435,0.3596702164204741,25
title_genre,2,exclude,1002,1.0,0.0,1855,0.3768572911461873,310,0.36173136379251114,25
title_genre,2,single_cluster,1002,0.991245064695947,0.008754935304053024,2911,0.18391346033703385,437,0.36173136379251114,25
title_genre,2,singletons,1002,0.995728495544189,0.004271504455811037,2911,0.28618445118316105,437,0.36173136379251114,25
title_genre,2,exclude,1003,1.0,0.0,1856,0.3733802705188102,313,0.3593266918584679,25
title_genre,2,single_cluster,1003,0.9824518292212359,0.01754817077876414,2911,0.19020311028022976,437,0.3593266918584679,25
title_genre,2,singletons,1003,0.9891126106210916,0.01088738937890843,2911,0.28985805055422037,437,0.3593266918584679,25
title_genre,2,exclude,1004,1.0,0.0,1851,0.3687590286286962,310,0.3631054620405359,25
title_genre,2,single_cluster,1004,0.9842657057972534,0.015734294202746635,2911,0.181478267345871,437,0.3631054620405359,25
title_genre,2,singletons,1004,0.9917929850005532,0.00820701499944676,2911,0.28377309568029246,437,0.3631054620405359,25
title_genre,2,exclude,1005,0.9998896070482269,0.00011039295177306396,1845,0.36923300454666635,311,0.3648230848505668,25
title_genre,2,single_cluster,1005,0.9814805411720592,0.018519458827940816,2911,0.18230468007565742,438,0.3648230848505668,25
title_genre,2,singletons,1005,0.9906674541470456,0.0093325458529544,2911,0.28349201978324945,438,0.3648230848505668,25
title_genre,2,exclude,1006,0.9957009571214177,0.004299042878582293,1813,0.37710773930628266,306,0.37650291995877705,26
title_genre,2,single_cluster,1006,0.9473560220950754,0.05264397790492459,2911,0.17564501987877446,438,0.37650291995877705,26
title_genre,2,singletons,1006,0.9689854425569517,0.031014557443048263,2911,0.28668499165276484,438,0.37650291995877705,26
title_genre,2,exclude,1007,0.9957216455336005,0.004278354466399459,1813,0.36935714175148243,306,0.3758158708347647,26
title_genre,2,single_cluster,1007,0.9461756176579323,0.053824382342067656,2911,0.17372310396962798,437,0.3758158708347647,26
title_genre,2,singletons,1007,0.9677411869873466,0.03225881301265343,2911,0.2809944821086276,437,0.3758158708347647,26
title_genre,2,exclude,1008,1.0,0.0,1847,0.37297646541920954,311,0.3648230848505668,25
title_genre,2,single_cluster,1008,0.9826673085701622,0.017332691429837843,2911,0.1844197412668377,437,0.3648230848505668,25
title_genre,2,singletons,1008,0.9897181722691804,0.010281827730819648,2911,0.2841342492300227,437,0.3648230848505668,25
title_genre,2,exclude,1009,1.0,0.0,1850,0.3755896493414198,311,0.36413603572655445,25
title_genre,2,single_cluster,1009,0.9871179113030342,0.012882088696965832,2911,0.18364164891727655,438,0.36413603572655445,25
title_genre,2,singletons,1009,0.9931691022862332,0.00683089771376677,2911,0.2852701118862356,438,0.36413603572655445,25
title_genre,2,exclude,1010,0.9998895209630284,0.00011047903697158912,1849,0.37949137616146034,311,0.3610443146684988,25
title_genre,2,single_cluster,1010,0.9781997502630457,0.02180024973695427,2911,0.1886458829704722,437,0.3610443146684988,25
title_genre,2,singletons,1010,0.988283653752511,0.011716346247488962,2911,0.2929851700345214,437,0.3610443146684988,25
title_genre,2,exclude,1011,1.0,0.0,1855,0.37503772895984117,312,0.36001374098248023,25
title_genre,2,single_cluster,1011,0.9823448816598561,0.017655118340143883,2911,0.18807095997772225,438,0.36001374098248023,25
title_genre,2,singletons,1011,0.988828351775281,0.011171648224719055,2911,0.2907503257024866,438,0.36001374098248023,25
title_genre,2,exclude,1012,1.0,0.0,1853,0.37327060120601346,310,0.3627619374785297,25
title_genre,2,single_cluster,1012,0.9891187147520927,0.010881285247907324,2911,0.18340044078872825,437,0.3627619374785297,25
title_genre,2,singletons,1012,0.9942583990645554,0.005741600935444624,2911,0.28386116328790567,437,0.3627619374785297,25
title_genre,2,exclude,1013,1.0,0.0,1858,0.36948916846406493,312,0.36035726554448644,25
title_genre,2,single_cluster,1013,0.9907379636534953,0.009262036346504687,2911,0.1819381114395852,438,0.36035726554448644,25
title_genre,2,singletons,1013,0.9944007419987757,0.005599258001224294,2911,0.28458788176559946,438,0.36035726554448644,25
title_genre,2,exclude,1014,0.9998877332834123,0.0001122667165877056,1850,0.3719912940057892,311,0.3634489866025421,25
title_genre,2,single_cluster,1014,0.9829675732734052,0.017032426726594774,2911,0.18256748250704266,438,0.3634489866025421,25
title_genre,2,singletons,1014,0.9905331956377703,0.009466804362229686,2911,0.2855966592149417,438,0.3634489866025421,25
title_genre,2,exclude,1015,0.9962554581481752,0.003744541851824823,1796,0.3791445568969415,304,0.3813122638268636,26
title_genre,2,single_cluster,1015,0.9326751671213329,0.06732483287866708,2911,0.17486298844639417,437,0.3813122638268636,26
title_genre,2,singletons,1015,0.9635184574788679,0.036481542521132115,2911,0.2880382501693895,437,0.3813122638268636,26
title_genre,2,exclude,1016,1.0,0.0,1853,0.3688229656675692,309,0.3627619374785297,25
title_genre,2,single_cluster,1016,0.9897642352619089,0.010235764738091069,2911,0.18073214243336036,435,0.3627619374785297,25
title_genre,2,singletons,1016,0.9939068570576479,0.006093142942352081,2911,0.28180678956847327,435,0.3627619374785297,25
title_genre,2,exclude,1017,0.9998901996980802,0.0001098003019197602,1851,0.36984419196904816,310,0.3579525936104431,25
title_genre,2,single_cluster,1017,0.9704847002859702,0.029515299714029775,2911,0.1807331111769968,438,0.3579525936104431,25
title_genre,2,singletons,1017,0.9904054770477501,0.00959452295224994,2911,0.2842021498684153,438,0.3579525936104431,25
title_genre,2,exclude,1018,1.0,0.0,1850,0.3665834680937432,312,0.36379251116454825,24
title_genre,2,single_cluster,1018,0.9858530824508354,0.01414691754916464,2911,0.18130571676880355,438,0.36379251116454825,24
title_genre,2,singletons,1018,0.9960671600874401,0.003932839912559882,2911,0.2832007410031638,438,0.36379251116454825,24
title_genre,2,exclude,1019,0.9978479825389108,0.002152017461089173,1852,0.37059009404701493,313,0.3579525936104431,24
title_genre,2,single_cluster,1019,0.9741164360107106,0.02588356398928937,2911,0.18466373983563322,436,0.3579525936104431,24
title_genre,2,singletons,1019,0.9856231628345558,0.014376837165444245,2911,0.2873334164685324,436,0.3579525936104431,24
title_genre,5,exclude,1000,1.0,0.0,1539,0.5228703867937664,261,0.4702851253864651,17
title_genre,5,single_cluster,1000,0.9857807898347103,0.014219210165289708,2911,0.1768599108523412,436,0.4702851253864651,17
title_genre,5,singletons,1000,0.9918815837487169,0.008118416251283067,2911,0.38947881089357633,436,0.4702851253864651,17
title_genre,5,exclude,1001,0.998575849445649,0.001424150554350967,1545,0.5118018658031217,263,0.46581930608038474,18
title_genre,5,single_cluster,1001,0.9839071519967776,0.016092848003222415,2911,0.17542189114626472,435,0.46581930608038474,18
title_genre,5,singletons,1001,0.9937065357438194,0.006293464256180603,2911,0.38330810342984406,435,0.46581930608038474,18
title_genre,5,exclude,1002,1.0,0.0,1544,0.5203379341773116,262,0.4692545517004466,17
title_genre,5,single_cluster,1002,0.9928235722203348,0.0071764277796652065,2911,0.17662799279315677,437,0.4692545517004466,17
title_genre,5,singletons,1002,0.9972271605638308,0.0027728394361692388,2911,0.388956661242297,437,0.4692545517004466,17
title_genre,5,exclude,1003,0.9985705827837383,0.0014294172162616636,1543,0.5195063774149267,263,0.4685675025764342,17
title_genre,5,single_cluster,1003,0.9859775439903651,0.01402245600963492,2911,0.17793441337680282,437,0.4685675025764342,17
title_genre,5,singletons,1003,0.9926003122854907,0.007399687714509273,2911,0.38907555432040475,437,0.4685675025764342,17
title_genre,5,exclude,1004,0.9985707154918558,0.0014292845081441685,1538,0.520841957035587,261,0.47131569907248366,17
title_genre,5,single_cluster,1004,0.9838874553515571,0.016112544648442917,2911,0.17488554557752026,437,0.47131569907248366,17
title_genre,5,singletons,1004,0.9908483133647998,0.009151686635200162,2911,0.3887176887135771,437,0.47131569907248366,17
title_genre,5,exclude,1005,0.9986598698013545,0.0013401301986455394,1531,0.51486141438702,264,0.46994160082445896,18
title_genre,5,single_cluster,1005,0.9723475445438285,0.027652455456171454,2911,0.17639042454464599,438,0.46994160082445896,18
title_genre,5,singletons,1005,0.9892288255315057,0.010771174468494293,2911,0.3873029378986317,438,0.46994160082445896,18
title_genre,5,exclude,1006,0.9999095359714969,9.046402850310109e-05,1545,0.520147976250669,262,0.4689110271384404,17
title_genre,5,single_cluster,1006,0.9901368338006266,0.009863166199373441,2911,0.17537208046829902,438,0.4689110271384404,17
title_genre,5,singletons,1006,0.9932235409294053,0.006776459070594654,2911,0.3878512323990673,438,0.4689110271384404,17
title_genre,5,exclude,1007,0.9999117445543864,8.825544561363863e-05,1538,0.5175159809391198,260,0.46994160082445896,17
title_genre,5,single_cluster,1007,0.9805207125351628,0.01947928746483718,2911,0.17192858350865048,437,0.46994160082445896,17
title_genre,5,singletons,1007,0.9901249389056781,0.009875061094321902,2911,0.38322773778329067,437,0.46994160082445896,17
title_genre,5,exclude,1008,0.9999144502945098,8.554970549023988e-05,1542,0.5180989437034942,263,0.46822397801442805,17
title_genre,5,single_cluster,1008,0.9852954675449689,0.014704532455031116,2911,0.17760696981414936,437,0.46822397801442805,17
title_genre,5,singletons,1008,0.9930487538947819,0.006951246105218134,2911,0.38745637753987855,437,0.46822397801442805,17
title_genre,5,exclude,1009,0.9986642905149324,0.00133570948506756,1543,0.5174813355540714,264,0.46616283064239095,18
title_genre,5,single_cluster,1009,0.9826810177226852,0.017318982277314765,2911,0.17648274620912394,438,0.46616283064239095,18
title_genre,5,singletons,1009,0.9921283785241147,0.007871621475885271,2911,0.38789229709820455,438,0.46616283064239095,18
title_genre,5,exclude,1010,0.9985756567220162,0.0014243432779837972,1537,0.5266528571102216,257,0.47165922363448987,17
title_genre,5,single_cluster,1010,0.9848496074651395,0.015150392534860502,2911,0.16919828223313163,437,0.47165922363448987,17
title_genre,5,singletons,1010,0.9944261835622547,0.005573816437745349,2911,0.3910008817684001,437,0.47165922363448987,17
title_genre,5,exclude,1011,1.0,0.0,1545,0.51802377818183,263,0.46547578151837854,18
title_genre,5,single_cluster,1011,0.9846070243995713,0.015392975600428738,2911,0.1749841274621914,438,0.46547578151837854,18
title_genre,5,singletons,1011,0.9962786345825013,0.0037213654174986788,2911,0.3878512323990673,438,0.46547578151837854,18
title_genre,5,exclude,1012,0.9985798844286302,0.0014201155713697844,1540,0.5214536059810584,260,0.46994160082445896,17
title_genre,5,single_cluster,1012,0.9856774938695234,0.014322506130476587,2911,0.17306589713278533,437,0.46994160082445896,17
title_genre,5,singletons,1012,0.9915031621635394,0.008496837836460602,2911,0.3882076649134958,437,0.46994160082445896,17
title_genre,5,exclude,1013,0.9999112745277383,8.872547226168592e-05,1535,0.5203684755565146,261,0.47165922363448987,17
title_genre,5,single_cluster,1013,0.9804207746490534,0.019579225350946583,2911,0.17353158599965243,438,0.47165922363448987,17
title_genre,5,singletons,1013,0.9897969864239717,0.010203013576028264,2911,0.3885093910730759,438,0.47165922363448987,17
title_genre,5,exclude,1014,0.9986663552595245,0.0013336447404754814,1539,0.5189381577046555,262,0.46959807626245276,17
title_genre,5,single_cluster,1014,0.9823650215108392,0.017634978489160846,2911,0.17472320501148128,438,0.46959807626245276,17
title_genre,5,singletons,1014,0.9910823940178909,0.008917605982109111,2911,0.38761286895849545,438,0.46959807626245276,17
title_genre,5,exclude,1015,0.9982755653491246,0.0017244346508753505,1524,0.5244867016111509,260,0.46444520783236004,17
title_genre,5,single_cluster,1015,0.9455396384999805,0.05446036150001954,2911,0.1738819162657231,437,0.46444520783236004,17
title_genre,5,singletons,1015,0.9828453202900519,0.017154679709948106,2911,0.3907736354587671,437,0.46444520783236004,17
title_genre,5,exclude,1016,0.9986590127443541,0.001340987255645909,1538,0.5185778689400252,258,0.47131569907248366,17
title_genre,5,single_cluster,1016,0.9876110396085167,0.012388960391483295,2911,0.17000443128384501,435,0.47131569907248366,17
title_genre,5,singletons,1016,0.9957167937954914,0.004283206204508616,2911,0.38546674066139014,435,0.47131569907248366,17
title_genre,5,exclude,1017,1.0,0.0,1545,0.5175431450733446,263,0.46375815870834763,17
title_genre,5,single_cluster,1017,0.9764689697566612,0.023531030243338802,2911,0.17679659028690464,438,0.46375815870834763,17
title_genre,5,singletons,1017,0.9898866954514756,0.010113304548524438,2911,0.38781851762773156,438,0.46375815870834763,17
title_genre,5,exclude,1018,0.9999150063884402,8.499361155978047e-05,1545,0.5163007533535459,265,0.4634146341463415,18
title_genre,5,single_cluster,1018,0.9773241525913071,0.022675847408692884,2911,0.17763660504804998,438,0.4634146341463415,18
title_genre,5,singletons,1018,0.9929550445602717,0.007044955439728273,2911,0.3871909783258487,438,0.4634146341463415,18
title_genre,5,exclude,1019,0.9986450981223791,0.0013549018776208843,1530,0.5271611335366139,259,0.4740638955685331,17
title_genre,5,single_cluster,1019,0.9803820887546725,0.019617911245327524,2911,0.173654304323138,436,0.4740638955685331,17
title_genre,5,singletons,1019,0.9897078229147482,0.010292177085251764,2911,0.3927643296235783,436,0.4740638955685331,17
title_genre,10,exclude,1000,0.9978904955117694,0.0021095044882305514,1171,0.6687078140012804,195,0.5946410168327035,14
title_genre,10,single_cluster,1000,0.9859173794669124,0.01408262053308762,2911,0.11883281996653398,436,0.5946410168327035,14
title_genre,10,singletons,1000,0.9918478670592857,0.008152132940714263,2911,0.4422461190115443,436,0.5946410168327035,14
title_genre,10,exclude,1001,0.9995763436698134,0.00042365633018659477,1173,0.6690040116662384,196,0.5912057712126417,13
title_genre,10,single_cluster,1001,0.9792438807182475,0.020756119281752472,2911,0.12176870948527242,435,0.5912057712126417,13
title_genre,10,singletons,1001,0.9872459715100109,0.012754028489989078,2911,0.44607990220855254,435,0.5912057712126417,13
title_genre,10,exclude,1002,1.0,0.0,1171,0.6664929210211543,194,0.5956715905187221,14
title_genre,10,single_cluster,1002,0.9896534934325163,0.010346506567483704,2911,0.11625033710646762,437,0.5956715905187221,14
title_genre,10,singletons,1002,0.9939426233295209,0.00605737667047912,2911,0.4411011083434829,437,0.5956715905187221,14
title_genre,10,exclude,1003,0.9989109639024984,0.00108903609750155,1169,0.6691680034643377,198,0.595328065956716,13
title_genre,10,single_cluster,1003,0.9822600621326432,0.017739937867356836,2911,0.1242772563924516,437,0.595328065956716,13
title_genre,10,singletons,1003,0.9902570487476218,0.009742951252378229,2911,0.45062385045213554,437,0.595328065956716,13
title_genre,10,exclude,1004,0.9971773803192654,0.002822619680734606,1172,0.6686145322662363,194,0.5942974922706974,14
title_genre,10,single_cluster,1004,0.9850197162854116,0.014980283714588372,2911,0.11665555210831607,437,0.5942974922706974,14
title_genre,10,singletons,1004,0.9915301225770826,0.008469877422917382,2911,0.44158990364692874,437,0.5942974922706974,14
title_genre,10,exclude,1005,0.9992688745137778,0.0007311254862222283,1158,0.6680697253199365,193,0.6008244589488149,14
title_genre,10,single_cluster,1005,0.9789866538009417,0.021013346199058258,2911,0.11540349912621731,438,0.6008244589488149,14
title_genre,10,singletons,1005,0.9856835008925476,0.014316499107452363,2911,0.44069544783522335,438,0.6008244589488149,14
title_genre,10,exclude,1006,0.9929732204625673,0.0070267795374326925,1170,0.6628288605332688,197,0.5946410168327035,14
title_genre,10,single_cluster,1006,0.9806371566726454,0.019362843327354606,2911,0.11839614151300085,438,0.5946410168327035,14
title_genre,10,singletons,1006,0.985160994929485,0.014839005070515054,2911,0.43965087109896034,438,0.5946410168327035,14
title_genre,10,exclude,1007,0.9978968612544924,0.0021031387455076045,1174,0.6623931031896529,194,0.5942974922706974,14
title_genre,10,single_cluster,1007,0.9888472765458498,0.011152723454150193,2911,0.11446764572649322,437,0.5942974922706974,14
title_genre,10,singletons,1007,0.9942218510821602,0.005778148917839787,2911,0.4353562564086731,437,0.5942974922706974,14
title_genre,10,exclude,1008,0.9946451658015117,0.005354834198488256,1173,0.6727883682523731,197,0.5915492957746479,13
title_genre,10,single_cluster,1008,0.9789356048745295,0.021064395125470536,2911,0.1236305022697855,437,0.5915492957746479,13
title_genre,10,singletons,1008,0.9795722179692634,0.020427782030736585,2911,0.4503197834144692,437,0.5915492957746479,13
title_genre,10,exclude,1009,0.9992815692942515,0.0007184307057485073,1169,0.6660012526107324,198,0.5946410168327035,14
title_genre,10,single_cluster,1009,0.9821360464325816,0.017863953567418434,2911,0.11983148023822841,438,0.5946410168327035,14
title_genre,10,singletons,1009,0.9893843842195507,0.010615615780449339,2911,0.4401627728277257,438,0.5946410168327035,14
title_genre,10,exclude,1010,0.9975022718793688,0.002497728120631204,1171,0.6589365252006844,197,0.5894881484026108,13
title_genre,10,single_cluster,1010,0.9715206462109699,0.028479353789030104,2911,0.1184820235269528,437,0.5894881484026108,13
title_genre,10,singletons,1010,0.9867001536812481,0.013299846318751918,2911,0.4388057914175944,437,0.5894881484026108,13
title_genre,10,exclude,1011,0.9967507469308219,0.003249253069178115,1173,0.6653438142644342,197,0.5932669185846788,13
title_genre,10,single_cluster,1011,0.9848302444409928,0.015169755559007236,2911,0.11876604199316987,438,0.5932669185846788,13
title_genre,10,singletons,1011,0.9903107377948656,0.009689262205134441,2911,0.4405793455586942,438,0.5932669185846788,13
title_genre,10,exclude,1012,0.9925678423785829,0.007432157621417135,1172,0.6628038110459795,198,0.595328065956716,13
title_genre,10,single_cluster,1012,0.9882422019784413,0.01175779802155874,2911,0.12030026027415393,437,0.595328065956716,13
title_genre,10,singletons,1012,0.9902813206647231,0.009718679335276925,2911,0.4399460368293096,437,0.595328065956716,13
title_genre,10,exclude,1013,0.9974675096921125,0.0025324903078874916,1172,0.6650249711590909,197,0.5946410168327035,13
title_genre,10,single_cluster,1013,0.986782198772131,0.013217801227868975,2911,0.11788274852332303,438,0.5946410168327035,13
title_genre,10,singletons,1013,0.9919020752020091,0.008097924797990874,2911,0.44045346287706255,438,0.5946410168327035,13
title_genre,10,exclude,1014,0.9978778890388732,0.0021221109611267996,1165,0.6733336062888962,198,0.5942974922706974,14
title_genre,10,single_cluster,1014,0.9725578573750494,0.027442142624950594,2911,0.12587560593781666,438,0.5942974922706974,14
title_genre,10,singletons,1014,0.9824098717199391,0.0175901282800609,2911,0.4497199654696835,438,0.5942974922706974,14
title_genre,10,exclude,1015,0.9908937744836355,0.00910622551636453,1171,0.6660534947418253,201,0.5929233940226726,14
title_genre,10,single_cluster,1015,0.9796734588263305,0.0203265411736695,2911,0.12780057886718352,437,0.5929233940226726,14
title_genre,10,singletons,1015,0.9844506876620092,0.01554931233799084,2911,0.4497891857829896,437,0.5929233940226726,14
title_genre,10,exclude,1016,0.9915810876277983,0.008418912372201715,1168,0.6685662115788736,194,0.5963586396427345,14
title_genre,10,single_cluster,1016,0.9854183221327593,0.014581677867240739,2911,0.11618627544028058,435,0.5963586396427345,14
title_genre,10,singletons,1016,0.9885322026238098,0.011467797376190192,2911,0.4383858701839001,435,0.5963586396427345,14
title_genre,10,exclude,1017,0.9979008523763279,0.0020991476236721374,1177,0.6653438142644342,197,0.593610443146685,14
title_genre,10,single_cluster,1017,0.9914317122867572,0.008568287713242806,2911,0.11876604199316987,438,0.593610443146685,14
title_genre,10,singletons,1017,0.9943801960734331,0.005619803926566913,2911,0.4405793455586942,438,0.593610443146685,14
title_genre,10,exclude,1018,0.9929733650052964,0.007026634994703573,1171,0.6691680034643377,198,0.5925798694606664,14
title_genre,10,single_cluster,1018,0.9773385909842559,0.022661409015744094,2911,0.12366371151409888,438,0.5925798694606664,14
title_genre,10,singletons,1018,0.980315818298208,0.01968418170179198,2911,0.44949765318837237,438,0.5925798694606664,14
title_genre,10,exclude,1019,0.9996271664820978,0.00037283351790218244,1167,0.6641297253088604,198,0.5977327378907592,13
title_genre,10,single_cluster,1019,0.9870091404474495,0.012990859552550527,2911,0.12058939740191434,436,0.5977327378907592,13
title_genre,10,singletons,1019,0.9934914713884834,0.0065085286115166285,2911,0.44228285395132894,436,0.5977327378907592,13
title_genre,15,exclude,1000,0.998301758396999,0.0016982416030010272,1166,0.6609944981970144,190,0.5980762624527654,10
title_genre,15,single_cluster,1000,0.994260839947993,0.005739160052007031,2911,0.12314355782186234,436,0.5980762624527654,10
title_genre,15,singletons,1000,0.9964144846297311,0.0035855153702688547,2911,0.46147167813736384,436,0.5980762624527654,10
title_genre,15,exclude,1001,1.0,0.0,1164,0.655702996154672,188,0.5991068361387839,10
title_genre,15,single_cluster,1001,0.9926084095356126,0.007391590464387421,2911,0.11858402417435718,435,0.5991068361387839,10
title_genre,15,singletons,1001,0.9967620656099616,0.0032379343900383883,2911,0.45632702152163923,435,0.5991068361387839,10
title_genre,15,exclude,1002,0.9993402614594676,0.0006597385405323619,1166,0.6604029296514655,188,0.5980762624527654,10
title_genre,15,single_cluster,1002,0.9953211348348984,0.004678865165101631,2911,0.11906745043173736,437,0.5980762624527654,10
title_genre,15,singletons,1002,0.9976398976585222,0.0023601023414777655,2911,0.4613870781185612,437,0.5980762624527654,10
title_genre,15,exclude,1003,0.9979152583964762,0.0020847416035237876,1161,0.6586205485960988,191,0.5991068361387839,10
title_genre,15,single_cluster,1003,0.9856524038085298,0.014347596191470191,2911,0.12185643918097054,437,0.5991068361387839,10
title_genre,15,singletons,1003,0.9908726297467325,0.009127370253267486,2911,0.4616513771195783,437,0.5991068361387839,10
title_genre,15,exclude,1004,1.0,0.0,1164,0.6597725653033596,190,0.5984197870147716,10
title_genre,15,single_cluster,1004,0.9888930432313593,0.011106956768640708,2911,0.12125839403638615,437,0.5984197870147716,10
title_genre,15,singletons,1004,0.9949645412391716,0.0050354587608284485,2911,0.4607831629874197,437,0.5984197870147716,10
title_genre,15,exclude,1005,0.9972373166406432,0.00276268335935681,1163,0.6626056580422031,189,0.5984197870147716,10
title_genre,15,single_cluster,1005,0.9896153724376789,0.010384627562321058,2911,0.11981392031400176,438,0.5984197870147716,10
title_genre,15,singletons,1005,0.9941743251808441,0.005825674819155857,2911,0.4614254259862952,438,0.5984197870147716,10
title_genre,15,exclude,1006,0.9993398368384862,0.0006601631615138492,1168,0.6587485784570589,191,0.5980762624527654,10
title_genre,15,single_cluster,1006,0.9955199219346609,0.0044800780653391215,2911,0.12177506735226423,438,0.5980762624527654,10
title_genre,15,singletons,1006,0.9988008425593207,0.0011991574406793326,2911,0.4605243923480721,438,0.5980762624527654,10
title_genre,15,exclude,1007,0.9989588419916248,0.0010411580083752314,1166,0.6528732598138598,191,0.5977327378907592,10
title_genre,15,single_cluster,1007,0.9932778106009569,0.006722189399043121,2911,0.12053962975259656,437,0.5977327378907592,10
title_genre,15,singletons,1007,0.9956156176151528,0.004384382384847174,2911,0.4542669355178452,437,0.5977327378907592,10
title_genre,15,exclude,1008,0.9983028743188228,0.0016971256811771918,1165,0.6595874748224775,188,0.5946410168327035,10
title_genre,15,single_cluster,1008,0.9800205822063124,0.019979417793687615,2911,0.12152436060500163,437,0.5946410168327035,10
title_genre,15,singletons,1008,0.9776370848171437,0.02236291518285627,2911,0.46035522491387615,437,0.5946410168327035,10
title_genre,15,exclude,1009,0.9993373185004789,0.0006626814995210895,1162,0.6594601915158211,189,0.6008244589488149,10
title_genre,15,single_cluster,1009,0.9944397823024784,0.0055602176975215745,2911,0.11940282346450487,438,0.6008244589488149,10
title_genre,15,singletons,1009,0.9975047936748777,0.0024952063251223455,2911,0.4604350684416655,438,0.6008244589488149,10
title_genre,15,exclude,1010,0.9961981260671259,0.0038018739328741225,1160,0.6578605679688991,189,0.59945036070079,10
title_genre,15,single_cluster,1010,0.9862368130494045,0.01376318695059553,2911,0.11991975171845026,437,0.59945036070079,10
title_genre,15,singletons,1010,0.9892867821444167,0.010713217855583324,2911,0.4610924063874975,437,0.59945036070079,10
title_genre,15,exclude,1011,0.9979102514442667,0.002089748555733295,1164,0.6613217370585223,190,0.5991068361387839,10
title_genre,15,single_cluster,1011,0.9921531167263486,0.00784688327365135,2911,0.12207591946087502,438,0.5991068361387839,10
title_genre,15,singletons,1011,0.9940488008705023,0.0059511991294977085,2911,0.4604350684416655,438,0.5991068361387839,10
title_genre,15,exclude,1012,0.9972474587830135,0.002752541216986537,1165,0.6603077314613532,190,0.5984197870147716,10
title_genre,15,single_cluster,1012,0.9932070116883609,0.006792988311639103,2911,0.1219481830031026,437,0.5984197870147716,10
title_genre,15,singletons,1012,0.9952277797760551,0.004772220223944856,2911,0.46093620250551204,437,0.5984197870147716,10
title_genre,15,exclude,1013,0.997238647487258,0.00276135251274201,1164,0.6586205485960988,191,0.5977327378907592,10
title_genre,15,single_cluster,1013,0.9893551629451656,0.010644837054834433,2911,0.12129516301748404,438,0.5977327378907592,10
title_genre,15,singletons,1013,0.9926088374213391,0.007391162578660904,2911,0.4605243923480721,438,0.5977327378907592,10
title_genre,15,exclude,1014,0.9989681456108472,0.0010318543891527643,1158,0.6600524523437021,189,0.6008244589488149,10
title_genre,15,single_cluster,1014,0.986650897426262,0.013349102573738003,2911,0.11948764381037855,438,0.6008244589488149,10
title_genre,15,singletons,1014,0.9968766518407999,0.0031233481592001233,2911,0.46096419395254984,438,0.6008244589488149,10
title_genre,15,exclude,1015,0.9979157327723703,0.002084267227629666,1161,0.6583831390551003,191,0.5991068361387839,10
title_genre,15,single_cluster,1015,0.9863459112826187,0.013654088717381274,2911,0.1223215666442764,437,0.5991068361387839,10
title_genre,15,singletons,1015,0.9898811941120688,0.010118805887931237,2911,0.4617766694158554,437,0.5991068361387839,10
title_genre,15,exclude,1016,0.9979075379667547,0.0020924620332453125,1163,0.660131178103255,186,0.6004809343868086,10
title_genre,15,single_cluster,1016,0.9962567111056332,0.003743288894366814,2911,0.11679154131698721,435,0.6004809343868086,10
title_genre,15,singletons,1016,0.9981130236532729,0.0018869763467270761,2911,0.4581726879029557,435,0.6004809343868086,10
title_genre,15,exclude,1017,0.9972586620532582,0.0027413379467418064,1165,0.6574007409203535,193,0.5970456887667468,10
title_genre,15,single_cluster,1017,0.9865153151084337,0.01348468489156629,2911,0.12389160533443183,438,0.5970456887667468,10
title_genre,15,singletons,1017,0.9909397066302877,0.009060293369712258,2911,0.460186978914993,438,0.5970456887667468,10
title_genre,15,exclude,1018,1.0,0.0,1166,0.6599015710618827,190,0.5956715905187221,10
title_genre,15,single_cluster,1018,0.9854919685577488,0.014508031442251212,2911,0.12096207184781789,438,0.5956715905187221,10
title_genre,15,singletons,1018,0.9849085306291927,0.015091469370807298,2911,0.4604350684416655,438,0.5956715905187221,10
title_genre,15,exclude,1019,0.9968749580060985,0.0031250419939015117,1158,0.6632447963315978,188,0.6004809343868086,10
title_genre,15,single_cluster,1019,0.985552979917193,0.01444702008280696,2911,0.11925706729661494,436,0.6004809343868086,10
title_genre,15,singletons,1019,0.9903603215273634,0.009639678472636581,2911,0.46461752062908224,436,0.6004809343868086,10
